FID,id,toilet_lokalitet,vejnavn_husnummer,postnummer,toilet_betegnelse,handicapadgang,status,utm_x,utm_y,longitude,latitude,wkb_geometry
toilet_puma_agg_andre_kk.1,1,Center for Afklaring og Beskæftigelse (CAB),Sydbanestien 6,2450 København SV,Toilet,Nej,IDrift,722342.28852994,6173198.23651367,12.53429613,55.65365449,POINT (12.534296127382323 55.65365452339028)
toilet_puma_agg_andre_kk.2,2,Vesterbro Svømmehal,Angelgade 4,1765 København V,Toilet,Nej,IDrift,722560.86981206,6174425.6436517,12.53875734,55.66456224,POINT (12.538757341476124 55.66456227202081)
toilet_puma_agg_andre_kk.3,3,Valby Bibliotek,Annexstræde 2,2500 Valby,Toilet,Nej,IDrift,720943.9998135,6174430.40365242,12.51310704,55.66534274,POINT (12.51310703839972 55.66534276814711)
toilet_puma_agg_andre_kk.4,4,Ørestad Bibliotek,Arne Jacobsens Allé 19,2300 København S,Toilet,Nej,IDrift,725405.30980949,6170861.28365532,12.58096424,55.63128648,POINT (12.580964243320166 55.63128650916359)
toilet_puma_agg_andre_kk.5,5,Center for Arbejdsfastholdelse (JKA),Baldersgade 24,2200 København N,Toilet,Nej,IDrift,722782.77981186,6178339.98364616,12.54545631,55.69956521,POINT (12.545456314047007 55.69956524771208)
toilet_puma_agg_andre_kk.6,6,Bellahøj Hallerne,Bellahøjvej 1,2700 Brønshøj,Toilet,Nej,IDrift,720790.30981365,6178960.53364619,12.51431452,55.70604113,POINT (12.51431452162526 55.70604116296766)
toilet_puma_agg_andre_kk.7,7,Bellahøj Svømmestadion,Bellahøjvej 1-3,2700 Brønshøj,Toilet,Nej,IDrift,720790.30981365,6178960.53364619,12.51431452,55.70604113,POINT (12.51431452162526 55.70604116296766)
toilet_puma_agg_andre_kk.8,8,Thorvaldsens Museum,Bertel Thorvaldsens Plads 2,1213 København K,Toilet,Nej,IDrift,724976.81980988,6175884.51364854,12.57828311,55.67653283,POINT (12.578283111222452 55.67653286326905)
toilet_puma_agg_andre_kk.9,9,Nørrebro Bibliotek,Bragesgade 8B,2200 København N,Toilet,Nej,IDrift,722671.94981196,6178272.6636463,12.54364161,55.69901234,POINT (12.543641614501437 55.69901237031836)
toilet_puma_agg_andre_kk.10,10,Emdrup Bad,Bredelandsvej 20,2100 København Ø,Toilet,Nej,IDrift,722784.52981186,6180433.78364324,12.547187,55.71834193,POINT (12.547186996665957 55.718341966525514)
toilet_puma_agg_andre_kk.11,11,Christianshavns Bibliotek,Dronningensgade 43,1420 København K,Toilet med handicapadgang,Ja,IDrift,725790.81980914,6175351.98364889,12.59076343,55.67137954,POINT (12.590763433506888 55.67137957601263)
toilet_puma_agg_andre_kk.12,12,Bavnehøj idrætsanlæg,Enghavevej 90,2450 København SV,Toilet,Nej,IDrift,722579.02981204,6173882.81365245,12.53860569,55.65968566,POINT (12.538605691530405 55.65968569464167)
toilet_puma_agg_andre_kk.13,13,Sundby Idrætspark,Englandsvej 61,2300 København S,Toilet,Nej,IDrift,726490.73980851,6173029.89365177,12.59995555,55.65022998,POINT (12.59995554916106 55.65023001155411)
toilet_puma_agg_andre_kk.14,14,Frankrigsgade Svømmehal,Frankrigsgade 35,2300 København S,Toilet,Nej,IDrift,727036.06980801,6174470.98364949,12.60979449,55.6628988,POINT (12.609794490372622 55.662898831955644)
toilet_puma_agg_andre_kk.15,15,"Kulturstationen Vanløse, Kulturhus (1.sal)",Frode Jakobsens Plads 4,2720 Vanløse,Toilet,Nej,IDrift,719436.68981485,6176776.61364981,12.49106584,55.68706828,POINT (12.491065844920335 55.68706831344942)
toilet_puma_agg_andre_kk.16,16,Center for Afklaring og Beskæftigelse (CAB),Gamle Vasbygade 49,2450 København SV,Toilet,Nej,IDrift,722684.62981195,6173275.63365325,12.53978896,55.65419193,POINT (12.539788963167625 55.65419195844343)
toilet_puma_agg_andre_kk.17,17,Genforeningspladsen,Genforeningspladsen 54,2400 København NV,Toilet,Nej,IDrift,721081.77981339,6178299.17364698,12.51841046,55.69997705,POINT (12.51841045843285 55.69997708513185)
toilet_puma_agg_andre_kk.18,18,"Voksen- & Hjemløsenheden/Fælles Modtagelse: Opgang 2, stuen","Griffenfeldsgade 44,",2200 København N,Toilet,Nej,IDrift,723309.67981139,6176902.02364791,12.55265248,55.68642728,POINT (12.552652480022862 55.68642731609341)
toilet_puma_agg_andre_kk.19,19,International house (JKI),Gyldenløvesgade 11,1600 København V,Toilet,Nej,IDrift,723984.27981078,6176191.90364859,12.56278181,55.6797482,POINT (12.562781805062961 55.67974823213875)
toilet_puma_agg_andre_kk.20,20,Sundhedshus Amager,Hans Bogbinders Allé 3,2300 København S,Toilet,Nej,IDrift,727044.319808,6173560.30365076,12.60917294,55.65472832,POINT (12.609172940938064 55.65472835559956)
toilet_puma_agg_andre_kk.21,21,"Center for Beskæftigelse, Sprog og Integration (CBSI)",Hejrevej 10,2200 København N,Toilet,Nej,IDrift,722042.50981253,6178426.91364637,12.53377096,55.70068407,POINT (12.533770955962758 55.7006841037575)
toilet_puma_agg_andre_kk.22,22,Grøndal MultiCenter,Hvidkildevej 64,2400 København NV,Toilet,Nej,IDrift,720890.51981356,6178273.5436471,12.51535242,55.69983428,POINT (12.515352420355876 55.69983431103157)
toilet_puma_agg_andre_kk.23,23,Behandlingsenhed Indre (BEI),Hørsholmsgade 20A,2200 København N,Toilet med handicapadgang,Ja,IDrift,722696.71981194,6177475.6036474,12.54338752,55.69185278,POINT (12.543387519290569 55.69185281201043)
toilet_puma_agg_andre_kk.24,24,Sundhedshus Vanløse/Brønshøj/Husum,Indertoften 10,2720 Vanløse,Toilet,Nej,IDrift,719315.29981496,6176694.28364998,12.48907282,55.68638473,POINT (12.48907281729361 55.686384761717164)
toilet_puma_agg_andre_kk.25,25,Kulturhuset Islands Brygge,Islands Brygge 18,2300 København S,Toilet med handicapadgang,Ja,IDrift,724906.48980994,6174799.69365009,12.57627835,55.66683683,POINT (12.576278352703481 55.66683685985459)
toilet_puma_agg_andre_kk.26,26,Kultur Østerbro,Jagtvej 227,2100 København Ø,Toilet,Nej,IDrift,724677.04981015,6179507.93364364,12.57649459,55.70916604,POINT (12.576494590574034 55.709166072315035)
toilet_puma_agg_andre_kk.27,27,Valby Vandkulturhus,Julius Andersens Vej 1A,2450 København SV,Toilet,Nej,IDrift,721172.6298133,6172617.32365484,12.51527553,55.64897808,POINT (12.515275529317144 55.648978113821)
toilet_puma_agg_andre_kk.28,28,Valbyhallen,Julius Andersens Vej 3,2450 København SV,Toilet,Nej,IDrift,721247.96981323,6172666.11365474,12.5165097,55.64938138,POINT (12.516509700343624 55.649381413872796)
toilet_puma_agg_andre_kk.29,29,Vigerslev Bibliotek,Kirsebærhaven 23,2500 Valby,Toilet,Nej,IDrift,720418.91981397,6172607.34365518,12.50331336,55.64923082,POINT (12.503313355588174 55.64923085376071)
toilet_puma_agg_andre_kk.30,30,Vanløse Idrætspark,Klitmøllervej 20,2720 Vanløse,Toilet,Nej,IDrift,718554.44981563,6176656.35365035,12.47696332,55.6863876,POINT (12.476963324919387 55.68638763058744)
toilet_puma_agg_andre_kk.31,31,Kalvebod Bølge,Kalvebod Brygge 7,1560 København V,Toilet med handicapadgang,Ja,IDrift,724719.5337299,6174900.84072355,12.57339478,55.6678304,POINT (12.573394776482031 55.66783043607126)
toilet_puma_agg_andre_kk.32,32,Kløvermarkens Idrætsanlæg,Kløvermarksvej 50,2300 København S,Toilet,Nej,IDrift,726889.56980815,6175508.50364812,12.60832749,55.67227129,POINT (12.608327489503088 55.67227132417181)
toilet_puma_agg_andre_kk.33,33,Vesterbro Bibliotek,Lyrskovgade 4,1758 København V,Toilet,Nej,IDrift,722853.9698118,6174804.63365104,12.5437152,55.66782679,POINT (12.543715195817608 55.667826827019155)
toilet_puma_agg_andre_kk.34,34,Borgerservice Bispebjerg,Lærkevej 18,2400 København NV,Toilet,Nej,IDrift,721765.35981277,6178462.97364645,12.52939873,55.70113419,POINT (12.529398729847934 55.701134225469566)
toilet_puma_agg_andre_kk.35,35,Vanløse Hallerne,Lønstrupvej 5,2720 Vanløse,Toilet,Nej,IDrift,718823.2398154,6176606.7136503,12.48119104,55.68582133,POINT (12.481191036027887 55.68582136178496)
toilet_puma_agg_andre_kk.36,36,Modtagelsen,Matthæusgade 1,1666 København V,Toilet,Nej,IDrift,723387.51981132,6175051.68365045,12.55238215,55.66979738,POINT (12.552382145098887 55.669797415416824)
toilet_puma_agg_andre_kk.37,37,Modtagelsen,Matthæusgade 1,1666 København V,Toilet,Nej,IDrift,723387.51981132,6175051.68365045,12.55238215,55.66979738,POINT (12.552382145098887 55.669797415416824)
toilet_puma_agg_andre_kk.38,38,Sundhedshus Nørrebro/Bispebjerg,Mimersgade 41,2200 København N,Toilet,Nej,IDrift,722959.7998117,6178290.08364614,12.54822683,55.69903641,POINT (12.548226834570679 55.699036447755596)
toilet_puma_agg_andre_kk.39,39,Nikolaj Kunsthal,Nikolaj Plads 10,1067 København K,Toilet,Nej,IDrift,725164.38980971,6176146.00364809,12.58147442,55.67879093,POINT (12.58147441835975 55.67879096013473)
toilet_puma_agg_andre_kk.40,40,Islands Brygges Bibliotek,Njalsgade 13,2300 København S,Toilet,Nej,IDrift,725064.3498098,6174795.57365002,12.57877965,55.66672679,POINT (12.578779647823342 55.666726823408254)
toilet_puma_agg_andre_kk.41,41,Havnebadet Sluseholmen,Ben Websters Vej 69; Ben Websters Vej 69 ,2450 København SV,Toilet med handicapadgang,Ja,IDrift,723621.01665664,6172461.58323722,12.5539796,55.64646158,POINT (12.553979596339179 55.64646161080047)
toilet_puma_agg_andre_kk.42,42,Borgerservice Indre By,Nyropsgade 1,1602 København V,Toilet,Nej,IDrift,723926.55981083,6176235.55364855,12.5619013,55.68016627,POINT (12.561901295421904 55.680166302131546)
toilet_puma_agg_andre_kk.43,43,Arbejdsmarkedscenteret (AMC),Nyropsgade 41A,1602 København V,Toilet,Nej,IDrift,723896.20981086,6175842.68364911,12.56109908,55.67665698,POINT (12.561099078927933 55.67665701454342)
toilet_puma_agg_andre_kk.44,44,Emdrup Idrætspark,Nøkkerosevej 23,2400 København NV,Toilet,Nej,IDrift,721897.81981266,6181213.67364256,12.53373122,55.7257427,POINT (12.533731220981938 55.7257427290335)
toilet_puma_agg_andre_kk.45,45,Nørrebrohallen,Nørrebrogade 208,2200 København N,Toilet,Nej,IDrift,722628.19592767,6178330.37083662,12.54299367,55.69954994,POINT (12.542993672632434 55.69954997192134)
toilet_puma_agg_andre_kk.46,46,Sundbyøsterhal # 2,Parmagade 4,2300 København S,Toilet,Nej,IDrift,727283.69980779,6173315.74365098,12.61276752,55.65242336,POINT (12.612767519966154 55.65242338923857)
toilet_puma_agg_andre_kk.47,47,Sundbyøsterhal,Parmagade 8,2300 København S,Toilet,Nej,IDrift,727315.98980776,6173289.423651,12.61325788,55.65217223,POINT (12.613257875109696 55.65217226673647)
toilet_puma_agg_andre_kk.48,48,Solvang Bibliotek,Remisevej 14,2300 København S,Toilet,Nej,IDrift,726218.24980876,6172847.62365216,12.59548406,55.64872228,POINT (12.595484064632684 55.648722308889404)
toilet_puma_agg_andre_kk.49,49,Udliciteret,Ruten 2,2700 Brønshøj,Toilet,Nej,IDrift,719337.80981494,6180311.71364493,12.49232561,55.7188182,POINT (12.492325606586501 55.71881823164219)
toilet_puma_agg_andre_kk.50,50,"Huset-KBH, stue-etagen",Rådhusstræde 13,1466 København K,Toilet,Nej,IDrift,724754.12981008,6175859.46364868,12.57472842,55.67641127,POINT (12.574728423807803 55.67641130417639)
toilet_puma_agg_andre_kk.51,51,Hillerødgade Bad og Hal,Sandbjerggade 35 ,2200 København N,Toilet,Nej,IDrift,722429.36981218,6178003.51364679,12.53957102,55.69670977,POINT (12.539571021466134 55.696709802780234)
toilet_puma_agg_andre_kk.52,52,Ungecenteret (JKU),Skelbækgade 4,1717 København V,Toilet,Nej,IDrift,723630.0698111,6174818.86365066,12.55604134,55.66759785,POINT (12.556041339000672 55.667597882364575)
toilet_puma_agg_andre_kk.53,53,Sundby Bad,Sundbyvestervej 50,2300 København S,Toilet,Nej,IDrift,726635.41980838,6172615.95365228,12.6019089,55.64645048,POINT (12.60190890242545 55.646450508474885)
toilet_puma_agg_andre_kk.54,54,Arbejdsmarkedscenteret (AMC),Sundholmsvej 22,2300 København S,Toilet,Nej,IDrift,726191.09980878,6174200.38365029,12.59616671,55.66086612,POINT (12.596166709462839 55.66086615573668)
toilet_puma_agg_andre_kk.55,55,VE BBHV,Svanevej 12,2400 København NV,Toilet,Nej,IDrift,722118.36981246,6178366.13364642,12.53492642,55.70010427,POINT (12.53492642044061 55.700104298255425)
toilet_puma_agg_andre_kk.56,56,Center for Kompetence og Beskæftigelse (CKB),Teglværksgade 31,2100 København Ø,Toilet,Nej,IDrift,723571.78981115,6179275.57364448,12.55874917,55.70759281,POINT (12.55874916957371 55.70759284565802)
toilet_puma_agg_andre_kk.57,57,Borgercenter Handicap,Thoravej 29,2400 København NV,Toilet,Nej,IDrift,721577.00981294,6179005.35364578,12.52684609,55.70608448,POINT (12.52684609182277 55.706084512899665)
toilet_puma_agg_andre_kk.58,58,Sydhavnens bibliotek,Wagnersvej 19,2450 København SV,Toilet,Nej,IDrift,722089.09981248,6172435.31365468,12.5296638,55.64692802,POINT (12.52966380055965 55.64692805383225)
toilet_puma_agg_andre_kk.59,59,Valby Kulturhus,Valgårdsvej 8,2500 Valby,Toilet,Nej,IDrift,721303.38981318,6173960.68365292,12.51843103,55.66096652,POINT (12.518431030993993 55.66096655572344)
toilet_puma_agg_andre_kk.60,60,Osramhuset,Valhalsgade 4,2200 København N,Toilet,Nej,IDrift,723018.66981165,6178731.4436455,12.54952084,55.70296754,POINT (12.549520843395044 55.702967577303)
toilet_puma_agg_andre_kk.61,61,Sundhedshus Vesterbro/Valby/Kgs. Enghave,Vesterbrogade 121,1620 København V,Toilet,Nej,IDrift,722778.26981186,6175120.21365064,12.54277005,55.67069171,POINT (12.542770046265419 55.67069173950657)
toilet_puma_agg_andre_kk.62,62,Københavns Museum,Vesterbrogade 59,1620 København V,Toilet,Nej,IDrift,723413.84981129,6175349.08365003,12.55304193,55.6724524,POINT (12.553041932555837 55.67245243583714)
toilet_puma_agg_andre_kk.63,63,Helgoland Badeanstalt,Øresundsstien 11,2300 København S,Toilet,Nej,IDrift,728932.34980628,6174658.87364825,12.64003331,55.66369415,POINT (12.640033314578275 55.66369417796215)
toilet_puma_agg_andre_kk.64,64,Svanemøllehallen,Østerbrogade 240,2100 København Ø,Toilet,Nej,IDrift,724787.66981005,6180077.96364279,12.57871948,55.71422674,POINT (12.578719482168875 55.71422676856042)
toilet_puma_agg_andre_kk.65,65,Østerbrohuset,Århusgade 103,2100 København Ø,Toilet,Nej,IDrift,725403.5498095,6179358.97364349,12.58791133,55.70749322,POINT (12.587911329553274 55.70749325763112)
toilet_puma_agg_andre_kk.66,66,Degnestavnen,Degnestavnen 20,2400 København NV,Toilet,Nej,IDrift,721430.97520154,6179502.55154639,12.52492849,55.7106102,POINT (12.524928493628924 55.710610230710245)
toilet_puma_agg_andre_kk.67,67,Det Flydende Aktivitetshus,Sandkaj 30,2150 Nordhavn,Toilet med handicapadgang,Ja,IDrift,726007.90333338,6179254.89433171,12.59742416,55.70627874,POINT (12.597424158295583 55.70627877649286)
toilet_puma_agg_andre_kk.68,68,Københavns Stadsarkiv,Rådhuspladsen 1,1599 København V,Toilet,Nej,IDrift,724434.92981037,6175755.61364898,12.56957767,55.67562753,POINT (12.569577674939065 55.67562756516911)
toilet_puma_agg_andre_kk.69,69,"Kulturstationen Vanløse, bibliotek",Jernbane Allé 38,2720 Vanløse,Toilet,Nej,IDrift,719455.01981483,6176716.64364989,12.49130888,55.68652214,POINT (12.491308875264277 55.68652217530138)
toilet_puma_agg_andre_kk.70,70,Kultur Østerbro  (Østerbro bibliotek),Dag Hammarskjolds Allé 19,2100 København Ø,Toilet,Nej,IDrift,725090.66980978,6177902.07364568,12.58174536,55.69457327,POINT (12.581745359816535 55.69457329954516)
toilet_puma_agg_andre_kk.71,71,Øbro-Hallen,Gunnar Nu Hansens Plads 3,2100 København Ø,Toilet,Nej,IDrift,724689.70981014,6179016.86364432,12.57629293,55.70475633,POINT (12.576292926445763 55.704756360639415)
toilet_puma_agg_andre_kk.72,72,VerdensKulturCentret,Nørre Allé 7,2200 København N,Toilet,Nej,IDrift,723777.58981097,6177495.21364687,12.56056438,55.69153163,POINT (12.560564378773378 55.691531662190776)
