FID,id,toilet_lokalitet,vejnavn_husnummer,postnummer,toilet_betegnelse,toilettype_design,handicapadgang,aabningstid_doegn,aabningsperiode,status,grafitti_ansvarlig,driftsbydel,utm_x,utm_y,longitude,latitude,wkb_geometry
toilet_puma_agg_tmf_kk.1,1,Ved Hvidtfeldtmonumentet,Langelinie 25,2100 København Ø,Toilet med handicapadgang,"Bygning (park, strand, legeplads, kirkegård)",Ja,Natlukket,Helårsåbent,IDrift,Renhold City Middelalderbyen,Indre By,726218.90891202,6177488.84307448,12.59931787,55.69034309,POINT (12.599317874441217 55.690343127053566)
toilet_puma_agg_tmf_kk.2,2,Ved Svend Vonveds Vej,Amager Strandvej 219,2300 København S,Toilet med handicapadgang,Standardtoilet Zenzo,Ja,Døgnåbent,Helårsåbent,IDrift,TMF (Kontrakter),Amager Øst,729039.84785093,6173276.84447184,12.64058687,55.65125043,POINT (12.640586866850164 55.65125046154681)
toilet_puma_agg_tmf_kk.3,3,Kastrup Fort,Amager Strandvej 244,2300 København S,Toilet med handicapadgang,"Bygning (park, strand, legeplads, kirkegård)",Ja,Natlukket,Helårsåbent,IDrift,Renhold City Middelalderbyen,Amager Øst,728944.01821425,6173007.77672239,12.63884305,55.64888274,POINT (12.638843053750161 55.64888277432403)
toilet_puma_agg_tmf_kk.4,4,Amager Strandpark,Amager Strandvej 55,2300 København S,Toilet,"Bygning (park, strand, legeplads, kirkegård)",Nej,Natlukket,Helårsåbent,IDrift,Renhold City Middelalderbyen,Amager Øst,728465.67135315,6174440.5742698,12.63244831,55.66195618,POINT (12.632448308295457 55.66195621512439)
toilet_puma_agg_tmf_kk.5,5,Amagertorv,Amagertorv 1F,1160 København K,Toilet med personale,"Bygning (park, strand, legeplads, kirkegård)",Nej,Natlukket,Helårsåbent,IDrift,Renhold City Middelalderbyen,Indre By,725030.86265917,6176142.03722947,12.57935193,55.67881724,POINT (12.57935192684613 55.67881727096121)
toilet_puma_agg_tmf_kk.6,6,Balders Plads,Baldersgade 60,2200 København N,Toilet med handicapadgang,"Bygning (park, strand, legeplads, kirkegård)",Ja,Natlukket,Vinterlukket,IDrift,TMF (Kontrakter),Nørrebro,722955.48393061,6178543.00437844,12.54836404,55.70130663,POINT (12.548364043403494 55.70130666114652)
toilet_puma_agg_tmf_kk.7,7,Ørstedsparken,Nørre Farimagsgade 2A,1364 København K,Toilet med handicapadgang,"Bygning (park, strand, legeplads, kirkegård)",Ja,Natlukket,Helårsåbent,IDrift,Renhold City Middelalderbyen,Indre By,724093.31705402,6176267.34890056,12.56457404,55.6803745,POINT (12.564574038673518 55.6803745307748)
toilet_puma_agg_tmf_kk.8,8,Blågårds Plads,Blågårds Plads 5B,2200 København N,Pissoir,Pissoir (fritstående),Nej,Døgnåbent,Vinterlukket,IDrift,TMF (Kontrakter),Nørrebro,723583.67367729,6176896.717057,12.55699773,55.68625361,POINT (12.556997730949167 55.68625364285514)
toilet_puma_agg_tmf_kk.9,9,Borgergade,Borgergade 1F,1300 København K,Toilet med handicapadgang,Standardtoilet Zenzo,Ja,Døgnåbent,Helårsåbent,IDrift;TagetPermanentUdAfDrift,Renhold City Middelalderbyen,Indre By,725286.96288361,6176523.91560255,12.58373004,55.68212314,POINT (12.583730044269888 55.682123174645845)
toilet_puma_agg_tmf_kk.10,10,Vor Frue Plads,Dyrkøb 2,1165 København K,Toilet,AFA søjle,Nej,Døgnåbent,Helårsåbent,IDrift,AFA JC Decaux,Indre By,724671.95406281,6176172.06827036,12.57368016,55.6792527,POINT (12.573680157296593 55.67925273686844)
toilet_puma_agg_tmf_kk.11,11,"Østre Anlæg, Huset",Stockholmsgade 62,2100 København Ø,Toilet med handicapadgang,"Bygning (park, strand, legeplads, kirkegård)",Ja,Natlukket,Vinterlukket,IDrift,Renhold City Middelalderbyen,Indre By,725257.11286752,6177672.20890213,12.58419923,55.69243468,POINT (12.584199228193707 55.69243471002573)
toilet_puma_agg_tmf_kk.12,12,Emdrup Torv,Emdrupvej 185,2400 København NV,Toilet med handicapadgang,Danfo,Ja,Døgnåbent,Helårsåbent,IDrift,TMF (Kontrakter),Bispebjerg,721647.09379982,6180896.46268902,12.52948998,55.72301254,POINT (12.529489983052503 55.72301256884359)
toilet_puma_agg_tmf_kk.13,13,Enghave Plads,Enghave Plads 13B,1670 København V,Toilet med handicapadgang,Danfo,Ja,Døgnåbent;Natlukket,Helårsåbent,IDrift,TMF (Kontrakter),Vesterbro-Kgs.Enghave (udl.),722956.20134605,6174728.11700946,12.54527523,55.66709368,POINT (12.545275226240674 55.66709371118443)
toilet_puma_agg_tmf_kk.14,14,Ved Utterslev Friluftskreds,Engsvinget 46,2400 København NV,Toilet med handicapadgang,"Bygning (park, strand, legeplads, kirkegård)",Ja,Natlukket,Vinterlukket,IDrift,TMF (Kontrakter),Brønshøj-Husum (udl.),720734.4798137,6180149.03364456,12.51438562,55.71672555,POINT (12.514385620635075 55.7167255843147)
toilet_puma_agg_tmf_kk.15,15,Israels Plads,Frederiksborggade 21,1360 København K,Toilet med personale,"Bygning (park, strand, legeplads, kirkegård)",Nej,Natlukket,Helårsåbent,IDrift,Renhold City Middelalderbyen,Indre By,724382.94894302,6176723.784593,12.56954435,55.68433408,POINT (12.569544347531595 55.68433411126563)
toilet_puma_agg_tmf_kk.16,16,"Fælledparken,  Kiosken",Per Henrik Lings Allé 5,2100 København Ø,Toilet med handicapadgang,"Bygning (park, strand, legeplads, kirkegård)",Ja,Natlukket,Helårsåbent,IDrift,TMF (Kontrakter),Østerbro,724346.7713032,6178823.55866,12.57068815,55.70318146,POINT (12.570688148919457 55.70318149105507)
toilet_puma_agg_tmf_kk.17,17,Halmtorvet,Halmtorvet 12A,1700 København V,Toilet med handicapadgang,Danfo,Ja,Natlukket,Helårsåbent,IDrift,TMF (Kontrakter),Vesterbro-Kgs.Enghave (udl.),723942.9069367,6175166.85771867,12.56128892,55.67057461,POINT (12.561288915476586 55.67057464195248)
toilet_puma_agg_tmf_kk.18,18,Havnegade,Havnegade 20,1058 København K,Toilet med handicapadgang,Danfo,Ja,Døgnåbent,Helårsåbent,IDrift,Renhold City Middelalderbyen,Indre By,725613.31910445,6175892.93881869,12.5883914,55.67631318,POINT (12.588391398725856 55.67631321055269)
toilet_puma_agg_tmf_kk.19,19,"Fælledparken, Serridslevvej Syd",Serridslevvej 15,2100 København Ø,Toilet,"Bygning (park, strand, legeplads, kirkegård)",Nej,Natlukket,Vinterlukket,IDrift,TMF (Kontrakter),Østerbro,724463.11231191,6179141.12278157,12.57279594,55.70597554,POINT (12.572795935795455 55.705975576280835)
toilet_puma_agg_tmf_kk.20,20,Islands Brygge ovf nr 37,Islands Brygge 20B,2300 København S,Toilet med handicapadgang,Københavner,Ja,Døgnåbent,Helårsåbent,IDrift;MidlertidigUdeAfDrift,Renhold City Middelalderbyen,Amager Vest,724767.30282458,6174627.14171872,12.57392874,55.66535379,POINT (12.57392874196603 55.66535382392115)
toilet_puma_agg_tmf_kk.21,21,Maria Kirkeplads,Istedgade 20,1650 København V,Pissoir,Pissoir (fritstående),Nej,Døgnåbent,Helårsåbent,IDrift,TMF (Kontrakter),Vesterbro-Kgs.Enghave (udl.),723889.54870539,6175288.4489232,12.56054136,55.67168964,POINT (12.56054135909809 55.67168967154606)
toilet_puma_agg_tmf_kk.22,22,Kagsmosen,Kagsvang 31,2700 Brønshøj,Toilet med handicapadgang,"Bygning (park, strand, legeplads, kirkegård)",Ja,Natlukket,Vinterlukket,IDrift,TMF (Kontrakter),Brønshøj-Husum (udl.),717243.17501727,6179236.86827831,12.4581903,55.71012074,POINT (12.458190302363445 55.710120773756145)
toilet_puma_agg_tmf_kk.23,23,Kapel i Sundby Kirkegård,Kastrupvej  53,2300 København S,Toilet,"Bygning (park, strand, legeplads, kirkegård)",Nej,Natlukket,Helårsåbent,IDrift,Renhold City Middelalderbyen,Amager Øst,727601.53647871,6173808.62184579,12.6182165,55.65669457,POINT (12.618216497385973 55.65669460695746)
toilet_puma_agg_tmf_kk.24,24,Kalvebod Bølge,Kalvebod Brygge 7,1560 København V,Toilet med handicapadgang,"Bygning (park, strand, legeplads, kirkegård)",Ja,Natlukket,Vinterlukket,IDrift,Renhold City Middelalderbyen,Indre By,724719.52416935,6174900.86883488,12.57339465,55.66783066,POINT (12.573394647787504 55.66783069259374)
toilet_puma_agg_tmf_kk.25,25,Tæt på Folkets Park,Korsgade  58B,2200 København N,Pissoir,Pissoir (fritstående),Nej,Døgnåbent,Vinterlukket,IDrift,TMF (Kontrakter),Nørrebro,723388.6243437,6176931.06632392,12.55392936,55.68665143,POINT (12.553929356998271 55.68665146213233)
toilet_puma_agg_tmf_kk.26,26,Yderst på kajen,Langeliniekaj 61,2100 København Ø,Toilet,"Bygning (park, strand, legeplads, kirkegård)",Nej,Natlukket,Vinterlukket,IDrift,TMF (Kontrakter),Østerbro,726232.39990075,6178951.19856838,12.60073886,55.70345069,POINT (12.600738862812554 55.70345072744581)
toilet_puma_agg_tmf_kk.27,27,Hans Knudsens Plads,Lyngbyvej 90,2100 København Ø,Toilet med handicapadgang,Danfo,Ja,Døgnåbent,Helårsåbent,IDrift,TMF (Kontrakter),Østerbro,723634.08420846,6179875.58556927,12.5602285,55.71294502,POINT (12.560228497200951 55.71294505595587)
toilet_puma_agg_tmf_kk.28,28,"Fælledparken, Serridslevvej Nord",Serridslevvej 35,2100 København Ø,Toilet med handicapadgang,"Bygning (park, strand, legeplads, kirkegård)",Ja,Natlukket,Helårsåbent,IDrift,TMF (Kontrakter),Østerbro,724361.456052,6179228.65149206,12.57125307,55.70680751,POINT (12.571253071443156 55.70680754176693)
toilet_puma_agg_tmf_kk.29,29,Melchiors Plads,Melchiors Plads 8,2100 København Ø,Toilet med handicapadgang,Danfo,Ja,Døgnåbent,Helårsåbent,IDrift,TMF (Kontrakter),Østerbro,725278.74536656,6178914.45143458,12.5855636,55.70356481,POINT (12.585563595861533 55.703564845773734)
toilet_puma_agg_tmf_kk.30,30,"Moseskellet, Utterslev Mose",Moseskellet 47,2400 København NV,Toilet,"Bygning (park, strand, legeplads, kirkegård)",Nej,Natlukket,Helårsåbent,IDrift,TMF (Kontrakter),Bispebjerg,721242.87925343,6180769.14180164,12.52296405,55.72205527,POINT (12.52296404590931 55.722055303653256)
toilet_puma_agg_tmf_kk.31,31,Mosesvinget,Mosesvinget 1,2400 København NV,Toilet,"Bygning (park, strand, legeplads, kirkegård)",Nej,Natlukket,Vinterlukket,IDrift,TMF (Kontrakter),Brønshøj-Husum (udl.),720153.90487131,6179703.20293858,12.50480308,55.71299097,POINT (12.50480307585721 55.71299100652149)
toilet_puma_agg_tmf_kk.32,32,Mozarts Plads metrotoilet,Mozarts Plads 2A,2450 København SV,Toilet med handicapadgang,Standardtoilet Zenzo,Ja,Døgnåbent,Helårsåbent,IDrift,Renhold City Middelalderbyen,Vesterbro-Kgs.Enghave,722328.09456187,6172656.00458642,12.53363249,55.64879805,POINT (12.533632485295321 55.648798083280965)
toilet_puma_agg_tmf_kk.33,33,Nikolaj Plads,Nikolaj Plads 10B,1067 København K,Pissoir,Pissoir (fritstående),Nej,Døgnåbent,Vinterlukket,IDrift,Renhold City Middelalderbyen,Indre By,725184.88724817,6176171.61436995,12.58182075,55.6790111,POINT (12.581820750752057 55.67901113084689)
toilet_puma_agg_tmf_kk.34,34,Nyhavn,Nyhavn 1F,1051 København K,Toilet med personale,"Bygning (park, strand, legeplads, kirkegård)",Nej,Natlukket,Helårsåbent,IDrift,Renhold City Middelalderbyen,Indre By,725552.36643901,6176362.36177782,12.58780986,55.68055117,POINT (12.587809855162531 55.68055120588498)
toilet_puma_agg_tmf_kk.35,35,Nyhavnsbroen - Nyhavn 28,Nyhavn 28,1051 København K,Toilet,"Bygning (park, strand, legeplads, kirkegård)",Nej,Døgnåbent,Helårsåbent,IDrift,Renhold City Middelalderbyen,Indre By,725758.62912133,6176261.61566058,12.59100073,55.67955187,POINT (12.591000725657478 55.679551906743036)
toilet_puma_agg_tmf_kk.36,36,Havnebadet Sluseholmen,Ben Websters Vej 69,2450 København SV,Toilet med handicapadgang,"Bygning (park, strand, legeplads, kirkegård)",Ja,Natlukket,Vinterlukket,IDrift,Renhold City Middelalderbyen,Vesterbro-Kgs.Enghave,723621.01665664,6172461.58323722,12.5539796,55.64646158,POINT (12.553979596339179 55.64646161080047)
toilet_puma_agg_tmf_kk.37,37,Nyhavnsbroen - Nyhavn 47C,Nyhavn 47C,1051 København K,Toilet,"Bygning (park, strand, legeplads, kirkegård)",Nej,Døgnåbent,Helårsåbent,IDrift,Renhold City Middelalderbyen,Indre By,725770.55697683,6176290.91627588,12.59121414,55.67980909,POINT (12.591214141542908 55.679809123306214)
toilet_puma_agg_tmf_kk.38,38,V. Domhuset,Nytorv 29A,1450 København K,Pissoir,Pissoir (fritstående),Nej,Døgnåbent,Vinterlukket,IDrift,Renhold City Middelalderbyen,Indre By,724618.62449321,6175981.4225734,12.57267771,55.67756767,POINT (12.572677707778517 55.67756770288847)
toilet_puma_agg_tmf_kk.39,39,Fillipsparken,Kastrupvej 74,2300 København S,Toilet med handicapadgang,"Bygning (park, strand, legeplads, kirkegård)",Ja,Natlukket,Vinterlukket,IDrift,Renhold City Middelalderbyen,Amager Øst,727638.80398479,6173508.26929598,12.61855887,55.65398371,POINT (12.618558865259075 55.6539837382095)
toilet_puma_agg_tmf_kk.40,40,"Fælledparken, Bikuben",Edel Sauntes Allé 1,2100 København Ø,Toilet,"Bygning (park, strand, legeplads, kirkegård)",Nej,Natlukket,Vinterlukket,IDrift,TMF (Kontrakter),Østerbro,723848.51318152,6178332.18440797,12.56237378,55.69900491,POINT (12.562373776389123 55.6990049379921)
toilet_puma_agg_tmf_kk.41,41,Pilesvinget,Pilesvinget 80,2700 Brønshøj,Toilet med handicapadgang,"Bygning (park, strand, legeplads, kirkegård)",Ja,Natlukket,Helårsåbent,IDrift,TMF (Kontrakter),Brønshøj-Husum (udl.),719023.74265451,6179183.29795008,12.48643284,55.70883969,POINT (12.486432843162524 55.70883972640232)
toilet_puma_agg_tmf_kk.42,42,Nørrebroparken,Stefansgade 24,2200 København N,Toilet med handicapadgang,"Bygning (park, strand, legeplads, kirkegård)",Ja,Natlukket,Helårsåbent,IDrift,TMF (Kontrakter),Nørrebro,722644.38023676,6177823.58046598,12.54283907,55.69499752,POINT (12.542839072047745 55.69499754847752)
toilet_puma_agg_tmf_kk.43,43,Sundbyvester Plads,Sundbyvester Plads 2A,2300 København S,Toilet med handicapadgang,"Bygning (park, strand, legeplads, kirkegård)",Ja,Døgnåbent,Helårsåbent,IDrift,Renhold City Middelalderbyen,Amager Vest,727352.43134456,6172672.38491594,12.61332563,55.64662185,POINT (12.613325629207303 55.646621881522535)
toilet_puma_agg_tmf_kk.44,44,"Fælledparken, Det røde toilet (som er hvidt)",Edel Sauntes Allé 18,2100 København Ø,Toilet med handicapadgang,"Bygning (park, strand, legeplads, kirkegård)",Ja,Natlukket,Helårsåbent,IDrift,TMF (Kontrakter),Østerbro,724028.03142485,6178531.19017727,12.56538713,55.70070676,POINT (12.565387128008721 55.700706789348764)
toilet_puma_agg_tmf_kk.45,45,Sønder Boulevard,Sønder Boulevard 60B,1720 København V,Toilet med handicapadgang,Danfo,Ja,Natlukket,Helårsåbent,IDrift,TMF (Kontrakter),Vesterbro-Kgs.Enghave (udl.),723350.42696184,6174641.6484381,12.55146009,55.66613717,POINT (12.551460085787125 55.66613720512259)
toilet_puma_agg_tmf_kk.46,46,Toftegårds Plads,Toftegårds Plads 2F,2500 Valby,Toilet med handicapadgang,Danfo,Ja,Døgnåbent,Helårsåbent,IDrift,Renhold City Middelalderbyen,Valby,721244.92237152,6174055.56860668,12.51757985,55.66184412,POINT (12.517579848824735 55.66184414999351)
toilet_puma_agg_tmf_kk.47,47,Toftegårds Plads,Toftegårds Plads 6F,2500 Valby,Pissoir,Pissoir (fritstående),Nej,Døgnåbent,Vinterlukket,IDrift,Renhold City Middelalderbyen,Valby,721231.30900609,6174106.33838231,12.51740475,55.66230564,POINT (12.517404749557585 55.662305675804504)
toilet_puma_agg_tmf_kk.48,48,Trianglen,Østerbrogade 29B,2100 København Ø,Toilet med personale og handicapadgang,"Bygning (park, strand, legeplads, kirkegård)",Ja,Natlukket,Helårsåbent,IDrift,TMF (Kontrakter),Østerbro,724802.03513303,6178416.81339735,12.57758463,55.69932314,POINT (12.577584629479299 55.69932317095695)
toilet_puma_agg_tmf_kk.49,49,Utterslev Torv,Utterslev Torv  9,2400 København NV,Pissoir,Pissoir (fritstående),Nej,Døgnåbent,Helårsåbent,IDrift,TMF (Kontrakter),Bispebjerg,720936.90924577,6179411.54495585,12.51700676,55.71001927,POINT (12.51700675972711 55.710019301402895)
toilet_puma_agg_tmf_kk.50,50,Valby Tingsted,Valby Tingsted 1B,2500 Valby,Toilet med handicapadgang,Danfo,Ja,Døgnåbent,Helårsåbent,IDrift,Renhold City Middelalderbyen,Valby,721014.09467408,6174523.89077904,12.51429445,55.6661493,POINT (12.514294451742531 55.66614933556141)
toilet_puma_agg_tmf_kk.51,51,Ved Stranden,Ved Stranden 18A,1061 København K,Toilet med handicapadgang,Københavner,Ja,Døgnåbent,Helårsåbent,IDrift,Renhold City Middelalderbyen,Indre By,725133.5334339,6176013.11058139,12.58087568,55.67761346,POINT (12.580875680962876 55.67761349658396)
toilet_puma_agg_tmf_kk.52,52,Vesterbros Torv,Vesterbrogade 47F,1620 København V,Toilet med personale,"Bygning (park, strand, legeplads, kirkegård)",Nej,Natlukket,Helårsåbent,IDrift,Renhold City Middelalderbyen,Vesterbro-Kgs.Enghave (udl.),723557.90528396,6175331.09952587,12.55531332,55.67222485,POINT (12.555313317687503 55.67222488509775)
toilet_puma_agg_tmf_kk.53,53,Nær Legepladsen i Vigerslevsparken,Vigerslevvej 346,2500 Valby,Toilet med handicapadgang,"Bygning (park, strand, legeplads, kirkegård)",Ja,Natlukket,Vinterlukket,IDrift,Renhold City Middelalderbyen,Valby,719945.02592958,6172236.06678463,12.49550011,55.64611553,POINT (12.495500105774155 55.64611556171288)
toilet_puma_agg_tmf_kk.54,54,Metrostation Bella Center,Ørestads Boulevard 39,2300 København S,Toilet,AFA søjle,Nej,Døgnåbent,Helårsåbent,IDrift,AFA JC Decaux,Amager Vest,725497.63831925,6171673.56136615,12.58309339,55.63852813,POINT (12.58309338916763 55.638528161355254)
toilet_puma_agg_tmf_kk.55,55,Folkets Park,Stengade 48,2200 København N,Toilet,Cph Urban (sæson eller helårs),Nej,Døgnåbent,Helårsåbent,MidlertidigUdeAfDrift,TMF (Kontrakter),Nørrebro,723451.22507864,6177003.29753527,12.55498197,55.6872704,POINT (12.554981973397641 55.687270435371055)
toilet_puma_agg_tmf_kk.56,56,Ørestadsparken,Ørestads Boulevard 66,2300 København S,Toilet med handicapadgang,Danfo,Ja,Døgnåbent,Helårsåbent,IDrift,Renhold City Middelalderbyen,Amager Vest,725327.76380701,6171077.94299801,12.57991234,55.63326538,POINT (12.579912344754469 55.63326541410582)
toilet_puma_agg_tmf_kk.57,57,"Fælledparken, Sansehaven",Øster Allé 1E,2100 København Ø,Toilet med handicapadgang,"Bygning (park, strand, legeplads, kirkegård)",Ja,Natlukket,Vinterlukket,IDrift,TMF (Kontrakter),Østerbro,724536.81690828,6178470.08199744,12.5734167,55.69992362,POINT (12.573416697923927 55.69992365056202)
toilet_puma_agg_tmf_kk.58,58,Ålholm Plads,Ålholm Plads 2,2500 Valby,Toilet,AFA søjle,Nej,Døgnåbent,Helårsåbent,IDrift,AFA JC Decaux,Valby,719391.75804475,6175136.26204969,12.48904112,55.67237669,POINT (12.489041117559102 55.672376725463394)
toilet_puma_agg_tmf_kk.59,59,"Nyboder, Gammel Vagt ifm legeplads ubemandet",Olfert Fischers Gade 40,1311 København K,Toilet,"Bygning (park, strand, legeplads, kirkegård)",Nej,Natlukket,Helårsåbent,IDrift,Renhold City Middelalderbyen,Indre By,725367.4819514,6177143.49192143,12.58551705,55.68764203,POINT (12.585517049547004 55.687642059425656)
toilet_puma_agg_tmf_kk.60,60,Kultorvet,Kultorvet  9B,1175 København K,Toilet med handicapadgang,Danfo,Ja,Døgnåbent,Helårsåbent,IDrift,Renhold City Middelalderbyen,Indre By,724668.50059127,6176512.31238977,12.57390391,55.68230559,POINT (12.573903910365372 55.68230561932789)
toilet_puma_agg_tmf_kk.61,61,Blågårds Plads,Blågårds Plads  11,2200 København N,Toilet med handicapadgang,Københavner,Ja,Døgnåbent,Helårsåbent,IDrift,TMF (Kontrakter),Nørrebro,723551.14370413,6176913.4666674,12.55649498,55.6864188,POINT (12.556494979030361 55.686418832139786)
toilet_puma_agg_tmf_kk.62,62,Sporsløjfen,Østerbrogade 244,2100 København Ø,Toilet med handicapadgang,Københavner,Ja,Døgnåbent,Helårsåbent,IDrift,TMF (Kontrakter),Østerbro,724733.04888334,6180145.57500043,12.57790728,55.71485837,POINT (12.57790728363947 55.71485840506912)
toilet_puma_agg_tmf_kk.63,63,Islands Brygge ovf nr 37,Islands Brygge 20A,2300 København S,Toilet,AFA søjle,Nej,Døgnåbent,Helårsåbent,IDrift,AFA JC Decaux,Amager Vest,724791.66251798,6174613.5881337,12.57430414,55.66522098,POINT (12.574304138078062 55.66522100856159)
toilet_puma_agg_tmf_kk.64,64,Overgaden Oven Vandet,Overgaden Oven Vandet 64A,1415 København K,Pissoir,Pissoir (fritstående),Nej,Døgnåbent,Vinterlukket,IDrift,Renhold City Middelalderbyen,Indre By,726062.18563902,6175781.4759729,12.5954231,55.67510493,POINT (12.595423102472896 55.675104958949156)
toilet_puma_agg_tmf_kk.65,65,Ørstedsparken V. Caféen,Nørre Farimagsgade  6,1364 København K,Toilet,"Bygning (park, strand, legeplads, kirkegård)",Nej,Natlukket,Vinterlukket,IDrift,Renhold City Middelalderbyen,Indre By,724182.47181943,6176505.64607239,12.5661838,55.6824704,POINT (12.56618379729538 55.68247043670036)
toilet_puma_agg_tmf_kk.66,66,"Gunløgsgade, Legeplads",Gunløgsgade 26B,2300 København S,Toilet,"Bygning (park, strand, legeplads, kirkegård)",Nej,Natlukket,Helårsåbent,IDrift,Renhold City Middelalderbyen,Amager Vest,725111.98305415,6174566.29312113,12.57934751,55.66464856,POINT (12.579347505083659 55.664648595582406)
toilet_puma_agg_tmf_kk.67,67,Mimersparken,Borgmestervangen 51,2200 København N,Toilet,"Bygning (park, strand, legeplads, kirkegård)",Nej,Natlukket,Helårsåbent,IDrift,TMF (Kontrakter),Nørrebro,722496.07722101,6178900.82618569,12.54135874,55.70472649,POINT (12.541358742602892 55.7047265243933)
toilet_puma_agg_tmf_kk.68,68,"Kornblomsparken, legeplads",Øselsgade 5,2300 København S,Toilet,"Bygning (park, strand, legeplads, kirkegård)",Nej,Natlukket,Helårsåbent,IDrift,TMF (Kontrakter),Amager Vest,726462.54012057,6174234.66977028,12.600501,55.66104719,POINT (12.60050099506587 55.661047226754555)
toilet_puma_agg_tmf_kk.69,69,"Blegdamsremisen, indendørs legeplads",Blegdamsvej 132A,2100 København Ø,Toilet,"Bygning (park, strand, legeplads, kirkegård)",Nej,Natlukket,Helårsåbent,IDrift,TMF (Kontrakter),Østerbro,724744.1910979,6178289.17288068,12.57656143,55.69820526,POINT (12.576561434165866 55.69820529565502)
toilet_puma_agg_tmf_kk.70,70,ByOasen legeplads,Møllegade  25E,2200 København N,Toilet,"Bygning (park, strand, legeplads, kirkegård)",Nej,Natlukket,Helårsåbent,IDrift,TMF (Kontrakter),Nørrebro,723566.24644999,6177571.20491023,12.55727088,55.6923105,POINT (12.557270884361316 55.69231052781979)
toilet_puma_agg_tmf_kk.71,71,"Hulgårds Plads , Legeplads",Hulgårds Plads 6,2400 København NV,Toilet,"Bygning (park, strand, legeplads, kirkegård)",Nej,Natlukket,Helårsåbent,IDrift,TMF (Kontrakter),Bispebjerg,721271.48589051,6178844.99280272,12.52186387,55.70478572,POINT (12.521863866023583 55.70478575711555)
toilet_puma_agg_tmf_kk.72,72,Degnestavnen,Degnestavnen 20,2400 København NV,Toilet,"Bygning (park, strand, legeplads, kirkegård)",Nej,Natlukket,Helårsåbent,IDrift,TMF (Kontrakter),Bispebjerg,721430.97520154,6179502.55154639,12.52492849,55.7106102,POINT (12.524928493628924 55.710610230710245)
toilet_puma_agg_tmf_kk.73,73,"Fælledparken, Soppesøen",Edel Sauntes Allé 9,2100 København Ø,Toilet,"Bygning (park, strand, legeplads, kirkegård)",Nej,Natlukket,Vinterlukket,IDrift,TMF (Kontrakter),Østerbro,723950.91834467,6178492.83772825,12.56413121,55.7003984,POINT (12.564131205096224 55.70039843499717)
toilet_puma_agg_tmf_kk.74,74,"Fælledparken, Tårnlegepladsen",Frederik V's Vej 4,2100 København Ø,Toilet med handicapadgang,"Bygning (park, strand, legeplads, kirkegård)",Ja,Natlukket,Helårsåbent,IDrift,TMF (Kontrakter),Østerbro,724329.65947709,6178174.68182383,12.56988529,55.69737028,POINT (12.569885291546385 55.69737031617197)
toilet_puma_agg_tmf_kk.75,75,Enghaveparken,Ejderstedgade 3,1761 København V,Toilet,"Bygning (park, strand, legeplads, kirkegård)",Nej,Natlukket,Vinterlukket,IDrift,TMF (Kontrakter),Vesterbro-Kgs.Enghave (udl.),722690.08139343,6174795.12451993,12.54110699,55.66781665,POINT (12.541106994936449 55.667816683524194)
toilet_puma_agg_tmf_kk.76,76,BaNanna Park,Nannasgade 6,2200 København N,Toilet med handicapadgang,Københavner,Ja,Døgnåbent,Helårsåbent,IDrift,TMF (Kontrakter),Nørrebro,723015.96244129,6178386.95308968,12.54919751,55.69987935,POINT (12.549197513397857 55.69987938319143)
toilet_puma_agg_tmf_kk.77,77,Legeplads Grøndal Parken ved Langdraget,Grøndals Parkvej 125,2720 Vanløse,Toilet med handicapadgang,Københavner,Ja,Døgnåbent,Helårsåbent,IDrift,TMF (Kontrakter),Vanløse,719488.70032471,6176135.99754753,12.49137906,55.68129927,POINT (12.491379055579353 55.68129930053593)
toilet_puma_agg_tmf_kk.78,78,"Formosavej 3, Trafiklegeplads",Formosavej 2,2300 København S,Toilet med handicapadgang,Københavner,Ja,Døgnåbent,Helårsåbent,IDrift,Renhold City Middelalderbyen,Amager Øst,728232.15020954,6173044.69004365,12.62758471,55.6495484,POINT (12.627584706377684 55.649548437121645)
toilet_puma_agg_tmf_kk.79,79,Enghaveparken,Ejderstedgade 5,1761 København V,Toilet med handicapadgang,"Bygning (park, strand, legeplads, kirkegård)",Ja,Natlukket,Vinterlukket,IDrift,TMF (Kontrakter),Vesterbro-Kgs.Enghave (udl.),722662.64984735,6174679.74952424,12.54057819,55.66679451,POINT (12.540578188226407 55.66679454023251)
toilet_puma_agg_tmf_kk.80,80,Det Flydende Aktivitetshus,Sandkaj 30,2150 Nordhavn,Toilet med handicapadgang,"Bygning (park, strand, legeplads, kirkegård)",Ja,Natlukket,Helårsåbent,IDrift,TMF (Kontrakter),Østerbro,726007.90333338,6179254.89433171,12.59742416,55.70627874,POINT (12.597424158295583 55.70627877649286)
toilet_puma_agg_tmf_kk.81,81,Sydhavn Station,Ernst Kapers Vej 1,2450 København SV,Toilet med handicapadgang,Danfo,Ja,Døgnåbent,Helårsåbent,IDrift,Renhold City Middelalderbyen,Vesterbro-Kgs.Enghave,722543.40833658,6173371.11297549,12.53762621,55.65511288,POINT (12.537626214361726 55.65511291367158)
toilet_puma_agg_tmf_kk.82,82,Den Brune Kødby,Halmtorvet 9C,1700 København V,Toilet,Cph Urban (sæson eller helårs),Nej,Døgnåbent,Helårsåbent,IDrift,TMF (Kontrakter),Vesterbro-Kgs.Enghave (udl.),723972.11880059,6175107.4187806,12.56170397,55.67002809,POINT (12.56170397428177 55.67002812473891)
toilet_puma_agg_tmf_kk.83,83,Nuuks Plads,Hiort Lorenzens Gade 10,2200 København N,Toilet med handicapadgang,Københavner,Ja,Døgnåbent,Helårsåbent,IDrift,TMF (Kontrakter),Nørrebro,722663.64421972,6177069.81997892,12.54253292,55.68822879,POINT (12.542532919794366 55.68822882701627)
toilet_puma_agg_tmf_kk.84,84,Kulværket,Kulbanevej  16,2500 Valby,Toilet,"Bygning (park, strand, legeplads, kirkegård)",Nej,Natlukket,Helårsåbent,IDrift,Renhold City Middelalderbyen,Valby,719571.41793121,6173369.600434,12.49048019,55.65645078,POINT (12.490480189751684 55.65645081135573)
toilet_puma_agg_tmf_kk.85,85,Saxoparken,Matthæusgade 8,1666 København V,Toilet med handicapadgang,Danfo,Ja,Døgnåbent,Helårsåbent,IDrift,TMF (Kontrakter),Vesterbro-Kgs.Enghave (udl.),723332.49114934,6175070.15371265,12.55152397,55.66998832,POINT (12.55152396824963 55.66998835494164)
toilet_puma_agg_tmf_kk.86,86,Mimers Plads,Mimers Plads 14,2200 København N,Toilet med handicapadgang,Standardtoilet Zenzo,Ja,Døgnåbent,Helårsåbent,IDrift,Renhold City Middelalderbyen;TMF (Kontrakter),Nørrebro,722309.04733077,6178491.08122078,12.53805584,55.70113752,POINT (12.538055841364589 55.70113755452815)
toilet_puma_agg_tmf_kk.87,87,,Nørrebrogade 211,2200 København N,Toilet,Midlertidigt toilet – Indlejet,Nej,Døgnåbent,Midlertidigt åbent;Vinterlukket,IDrift;TagetPermanentUdAfDrift,,Nørrebro,722533.10764875,6178243.18491854,12.54141286,55.69881165,POINT (12.54141285816413 55.69881167836192)
toilet_puma_agg_tmf_kk.88,88,Nørrebros runddel  Metrostation - Graverboligen Assistens Kirkegård,Nørrebrogade 67,2200 København N,Toilet med handicapadgang,"Bygning (park, strand, legeplads, kirkegård)",Ja,Natlukket,Helårsåbent,IDrift,TMF (Kontrakter),Nørrebro,723026.78109658,6177670.23231559,12.54878622,55.69344672,POINT (12.5487862244489 55.69344675517946)
toilet_puma_agg_tmf_kk.89,89,Valbyparken strand,Tudsemindevej 41,2450 København SV,Toilet med handicapadgang,"Bygning (park, strand, legeplads, kirkegård)",Ja,Natlukket,Helårsåbent,IDrift,Renhold City Middelalderbyen,Vesterbro-Kgs.Enghave,721698.51019968,6171382.40658311,12.52262073,55.63766327,POINT (12.52262073024155 55.6376633075501)
toilet_puma_agg_tmf_kk.90,90,Vibenhus Runddel,Øster Allé 62,2100 København Ø,Toilet med handicapadgang,Københavner,Ja,Døgnåbent,Helårsåbent,IDrift,TMF (Kontrakter),Østerbro,723917.87847274,6179126.02795576,12.56412393,55.70609209,POINT (12.564123930351926 55.70609212518633)
toilet_puma_agg_tmf_kk.91,91,Vester Kirkegård V. Teater,"Sydbanestien 24, Øster kapel (Teater)",2500 Valby,Toilet,"Bygning (park, strand, legeplads, kirkegård)",Nej,Natlukket,Helårsåbent,IDrift,Renhold City Middelalderbyen,Vesterbro-Kgs.Enghave,722273.72094385,6173287.79476972,12.53328094,55.65448904,POINT (12.533280939023383 55.65448906800871)
toilet_puma_agg_tmf_kk.92,92,Byskoven/Madpakke Huset,Selinevej 18,2300 København S,Toilet,"Bygning (park, strand, legeplads, kirkegård)",Nej,Natlukket,Vinterlukket,IDrift,Renhold City Middelalderbyen;TMF (Kontrakter),Amager Vest,721936.59070797,6169747.6233071,12.52507765,55.62289321,POINT (12.525077649337227 55.62289324167811)
toilet_puma_agg_tmf_kk.93,93,Havneslusen Nord/Grejbanken,Ved Slusen 8,2300 København S,Toilet med handicapadgang,"Bygning (park, strand, legeplads, kirkegård)",Ja,Natlukket,Helårsåbent,IDrift,Renhold City Middelalderbyen,Amager Vest,723729.80526538,6172216.4281279,12.5555054,55.64421295,POINT (12.555505397583461 55.644212983255905)
toilet_puma_agg_tmf_kk.94,94,Østre Anlæg Legeplads,Stockholmsgade 24,2100 København Ø,Toilet,"Bygning (park, strand, legeplads, kirkegård)",Nej,Natlukket,Helårsåbent,IDrift,Renhold City Middelalderbyen,Indre By,724945.06651724,6177449.67159915,12.5790624,55.69058368,POINT (12.579062403970763 55.6905837158796)
toilet_puma_agg_tmf_kk.95,95,Skjolds Plads,Skjolds Plads 1,2200 København N,Toilet med handicapadgang,Københavner,Ja,Døgnåbent,Helårsåbent,IDrift,TMF (Kontrakter),Nørrebro,722992.8643786,6178794.43478231,12.54916227,55.70354432,POINT (12.549162273510685 55.70354434913803)
toilet_puma_agg_tmf_kk.96,96,Vester Kirkegård - Nordre Kapel,"Vestre Kirkegårds Allé 15B, Nordre Kapel",2450 København SV,Toilet,"Bygning (park, strand, legeplads, kirkegård)",Nej,Natlukket,Helårsåbent,IDrift,Renhold City Middelalderbyen,Vesterbro-Kgs.Enghave,721935.18425345,6174020.94917555,12.52850308,55.66121893,POINT (12.528503079345018 55.66121895920246)
toilet_puma_agg_tmf_kk.97,97,Nørrebro Station,Frederikssundsvej 1A,2200 København N,Toilet med handicapadgang,Københavner,Ja,Døgnåbent,Helårsåbent,IDrift,TMF (Kontrakter),Bispebjerg,722285.43252359,6178456.80287329,12.53765301,55.70084092,POINT (12.537653012261588 55.700840954612566)
toilet_puma_agg_tmf_kk.98,98,V. Domhuset,Nytorv 29B,1450 København K,Toilet,Cph Urban (sæson eller helårs),Nej,Døgnåbent,Vinterlukket,IDrift,Renhold City Middelalderbyen,Indre By,724615.51540185,6175985.76753403,12.57263192,55.67760807,POINT (12.572631919610012 55.67760810597591)
toilet_puma_agg_tmf_kk.99,99,Nørrebroparken,Hillerødgade 13B,2200 København N,Toilet,Standardtoilet Zenzo,Nej,Døgnåbent,Helårsåbent,IDrift,TMF (Kontrakter),Nørrebro,722547.50543069,6178020.15229467,12.54146042,55.69680484,POINT (12.541460421909612 55.69680487169211)
toilet_puma_agg_tmf_kk.100,100,"Fælledparken, ""Dansepladsen""",Edel Sauntes Allé 23,2100 København Ø,Toilet med handicapadgang,"Bygning (park, strand, legeplads, kirkegård)",Ja,Natlukket,Vinterlukket,IDrift,TMF (Kontrakter),Østerbro,723982.45766901,6178999.88379349,12.56504649,55.70493103,POINT (12.565046490068 55.704931061134275)
toilet_puma_agg_tmf_kk.101,101,Dronning Louises Bro,Sortedam Dossering 2,2200 København N,Toilet,Toiletvogn/pavillon,Nej,Døgnåbent,Helårsåbent,IDrift,TMF (Kontrakter),Nørrebro,723935.39760176,6177040.88396534,12.56269888,55.68738443,POINT (12.562698884327947 55.687384458349264)
toilet_puma_agg_tmf_kk.102,102,Hørdumsgade,Enghavevej 198,1500 København V,Toilet,Toiletvogn/pavillon,Nej,Natlukket,Helårsåbent,IDrift,Renhold City Middelalderbyen,Vesterbro-Kgs.Enghave,722571.02860451,6173274.83439006,12.53798638,55.65423678,POINT (12.537986375290911 55.65423681231075)
toilet_puma_agg_tmf_kk.103,103,Marmorkirken,Frederiksgade 3,1265 København K,Toilet med handicapadgang,Københavner,Ja,Døgnåbent,Helårsåbent,IDrift,Renhold City Middelalderbyen,Indre By,725608.55943758,6176891.15989511,12.58913654,55.68526722,POINT (12.589136544086456 55.685267250211254)
toilet_puma_agg_tmf_kk.104,104,Tåsinge Plads,Tåsingegade 43A,2100 København Ø,Toilet med handicapadgang,Standardtoilet Zenzo,Ja,Døgnåbent,Helårsåbent,IDrift;TagetPermanentUdAfDrift,TMF (Kontrakter),Østerbro,724141.80833062,6179590.13353447,12.56806023,55.71015078,POINT (12.568060232127737 55.71015080914238)
toilet_puma_agg_tmf_kk.105,105,Poul Henningsens Plads,Reersøgade 5,2100 København Ø,Toilet med handicapadgang,Københavner,Ja,Døgnåbent,Helårsåbent,IDrift,TMF (Kontrakter),Østerbro,724658.84549708,6179555.56459384,12.57624451,55.70960162,POINT (12.576244505729875 55.709601650090846)
toilet_puma_agg_tmf_kk.106,106,Kulbaneparken,Hornemanns Vænge 3,2500 Valby,Toilet,Standardtoilet Zenzo,Nej,Døgnåbent,Helårsåbent,IDrift,Renhold City Middelalderbyen,Valby,719836.20115993,6173507.73597996,12.49479112,55.65757001,POINT (12.494791116847345 55.65757003976613)
toilet_puma_agg_tmf_kk.107,107,Estlandsgade 2,Estlandsgade 2,1724 København V,Toilet,ECO toilet,Nej,Døgnåbent,Midlertidigt åbent,IkkeSatIDriftEndnu,TMF (Kontrakter),Amager Vest,722172.73233525,6169736.273419,12.52881122,55.62268368,POINT (12.528811224149358 55.62268371751544)
toilet_puma_agg_tmf_kk.108,108,Axeltorv ved Cirkusbygningen,Jernbanegade 10,1608 København V,Toilet,AFA søjle,Nej,Døgnåbent,Helårsåbent,IDrift,AFA JC Decaux,Indre By,724119.83842792,6175766.52914624,12.56458603,55.6758709,POINT (12.56458602670022 55.67587093147401)
toilet_puma_agg_tmf_kk.109,109,Enghave Brygge metrotoilet,Bertha von Suttners Vej 3,2450 København SV,Toilet med handicapadgang,Standardtoilet Zenzo,Ja,Døgnåbent,Helårsåbent,IDrift,TMF (Kontrakter),Vesterbro-Kgs.Enghave (udl.),723738.98362341,6173315.77100006,12.5565455,55.6540678,POINT (12.556545496214337 55.654067830017546)
toilet_puma_agg_tmf_kk.110,110,Handicaptoilet forbeholdt borgere med svære handicap,Vester Søgade 2A,1601 København V,Toilet med handicapadgang,Standardtoilet Zenzo,Ja,Døgnåbent,Helårsåbent,IDrift,Renhold City Middelalderbyen,Indre By,723772.87788321,6175611.47237127,12.55895323,55.67464029,POINT (12.558953230783938 55.67464032470705)
toilet_puma_agg_tmf_kk.111,111,Kildevældsparken,Vognmandsmarken 69,2100 København Ø,Toilet,"Bygning (park, strand, legeplads, kirkegård)",Nej,Natlukket,Helårsåbent,IDrift,TMF (Kontrakter),Østerbro,723929.39665174,6180059.86521488,12.56507032,55.71446141,POINT (12.565070323617425 55.71446143799419)
toilet_puma_agg_tmf_kk.112,112,København Syd metrotoilet,Carl Jacobsens Vej 17W,2500 Valby,Toilet med handicapadgang,Standardtoilet Zenzo,Ja,Døgnåbent,Helårsåbent,IDrift,Renhold City Middelalderbyen,Valby,721269.97055051,6173018.19882232,12.51714201,55.65252905,POINT (12.517142011120075 55.6525290867532)
toilet_puma_agg_tmf_kk.113,113,;Hamborg Plads,Hamborg plads 1; Hamborg Plads 1,2150 Nordhavn,Toilet med handicapadgang,Standardtoilet Zenzo,Ja,Døgnåbent,Helårsåbent,IDrift,TMF (Kontrakter),Østerbro,725937.36522185,6179417.64454615,12.59643809,55.70777108,POINT (12.59643808762793 55.70777111686209)
toilet_puma_agg_tmf_kk.114,114,Nørreport v. Netto,Nørre Voldgade 23A,1358 København K,Toilet med handicapadgang,Danfo,Ja,Døgnåbent,Helårsåbent,IDrift,Renhold City Middelalderbyen,Indre By,724599.06765105,6176688.45459171,12.57294601,55.68391733,POINT (12.572946005772236 55.68391736657038)
toilet_puma_agg_tmf_kk.115,115,Mobilt Toilet UBT Unisex,Mobilt Toilet UBT Unisex,1550 København V,Toilet,Mobilt toilet – Eget af TMF,Nej,Døgnåbent,Midlertidigt åbent,IkkeSatIDriftEndnu,,Amager Øst,726598.989513,6175100.56133637,12.60337987,55.66874862,POINT (12.603379874597572 55.66874865649468)
toilet_puma_agg_tmf_kk.116,116,Mobilt UBT toilet vogn Handicap,Mobilt UBT toilet vogn Handicap,,Toilet med handicapadgang,Mobilt toilet – Eget af TMF,Ja,Døgnåbent,Midlertidigt åbent,IkkeSatIDriftEndnu,,Amager Øst,726606.59009251,6175106.52555918,12.60350539,55.66879856,POINT (12.603505392457075 55.668798597004084)
toilet_puma_agg_tmf_kk.117,117,Dykkerstien 8,Dykkerstien 8,2300 København S,Toilet med handicapadgang,Standardtoilet Zenzo,Ja,Døgnåbent,Helårsåbent,IkkeSatIDriftEndnu,TMF (Kontrakter),Amager Øst,729420.01012207,6173268.23049389,12.64660865,55.65099396,POINT (12.646608645375972 55.650993990497)
toilet_puma_agg_tmf_kk.118,118,Christianshavns Torv,Torvegade 48,1400 København K,Toilet med handicapadgang,Danfo,Ja,Døgnåbent,Helårsåbent,IDrift;MidlertidigUdeAfDrift,Renhold City Middelalderbyen,Indre By,725852.04271767,6175424.13849143,12.59179427,55.67199815,POINT (12.591794271264249 55.671998187624965)
toilet_puma_agg_tmf_kk.119,119,Lundehustorvet,Strødamvej 2,2100 København Ø,Toilet,Toiletvogn/pavillon,Nej,Døgnåbent,Helårsåbent,IkkeSatIDriftEndnu,TMF (Kontrakter),Bispebjerg,723357.59930671,6180450.82623236,12.55630565,55.71823119,POINT (12.556305650059526 55.71823122706413)
toilet_puma_agg_tmf_kk.120,120,Kranparken,Sundkrogsgade 23,2150 Nordhavn,Toilet,Standardtoilet Zenzo,Nej,Døgnåbent,Helårsåbent,IkkeSatIDriftEndnu,TMF (Kontrakter),Østerbro,725736.02489945,6180215.26181404,12.59389765,55.71501758,POINT (12.593897648842828 55.715017616312736)
toilet_puma_agg_tmf_kk.121,121,Sluseholmen Metro St. Unisex;Sluseholmen Metro St. Unisex Handicap,"Sluseholmen Metro St. I,",2450 København SV,Toilet,Standardtoilet Zenzo,Nej,Døgnåbent,Helårsåbent,IkkeSatIDriftEndnu,Renhold City Middelalderbyen,Vesterbro-Kgs.Enghave,722978.27688761,6172365.77415198,12.54370887,55.64589747,POINT (12.543708871690338 55.645897505426014)
toilet_puma_agg_tmf_kk.122,122,"Christiansborg Slotsplads, Holmensbro",Christiansborg Slotsplads 2,1218 København K,Toilet,AFA søjle,Nej,Døgnåbent,Helårsåbent,IDrift,AFA JC Decaux,Indre By,725216.68712622,6175907.23676717,12.58210852,55.67662546,POINT (12.58210851658981 55.67662548805128)
toilet_puma_agg_tmf_kk.123,123,Gammel Torv,Gammeltorv 22F,1457 København K,Toilet,AFA søjle,Nej,Døgnåbent,Helårsåbent,IDrift,AFA JC Decaux,Indre By,724546.53274695,6176042.06536784,12.57158316,55.67814484,POINT (12.571583162783217 55.67814487664626)
toilet_puma_agg_tmf_kk.124,124,Gråbrødre Torv,Kejsergade 6,1155 København K,Toilet med handicapadgang,Danfo,Ja,Døgnåbent,Helårsåbent,IDrift,Renhold City Middelalderbyen;TMF (Kontrakter),Indre By,724778.38811617,6176259.4432252,12.57544099,55.67998703,POINT (12.575440989653039 55.6799870635021)
toilet_puma_agg_tmf_kk.125,125,Assistents Kirkegård,Kapelvej 2,2200 København N,Toilet med handicapadgang,"Bygning (park, strand, legeplads, kirkegård)",Ja,Natlukket,Helårsåbent,IDrift,TMF (Kontrakter),Nørrebro,723319.55214481,6177243.81842231,12.55308748,55.689488,POINT (12.553087482460283 55.68948803279741)
toilet_puma_agg_tmf_kk.126,126,"Remiseparken, Bonderen & Byggeren",Peder Lykkes Vej 71,2300 København S,Toilet med handicapadgang,"Bygning (park, strand, legeplads, kirkegård)",Ja,Natlukket,Helårsåbent,IDrift,Renhold City Middelalderbyen,Amager Vest,726356.5038684,6173302.25951335,12.59805091,55.65273499,POINT (12.59805090675713 55.65273502554375)
toilet_puma_agg_tmf_kk.127,127,Gunløgsgade,Gunløgsgade 26A,2300 København S,Toilet,"Bygning (park, strand, legeplads, kirkegård)",Nej,Natlukket,Helårsåbent,IDrift,Renhold City Middelalderbyen,Amager Vest,725121.91508553,6174579.10174411,12.57951558,55.66475883,POINT (12.579515578971579 55.66475886116535)
toilet_puma_agg_tmf_kk.128,128,Sankt Hans Torv,Nørre Allé 2,2200 København N,Toilet med handicapadgang,Danfo,Ja,Døgnåbent,Helårsåbent,IDrift,TMF (Kontrakter),Nørrebro,723823.79106149,6177479.80510117,12.56128533,55.69137215,POINT (12.561285326044153 55.691372179717625)
toilet_puma_agg_tmf_kk.129,129,Ved Sølvtorvet,Stockholmsgade 2,2100 København Ø,Pissoir,Pissoir (fritstående),Nej,Døgnåbent,Vinterlukket,IDrift,Renhold City Middelalderbyen,Indre By,724726.42790046,6177308.35776596,12.57547549,55.68941765,POINT (12.575475489850632 55.689417679471426)
toilet_puma_agg_tmf_kk.130,130,"Vester Søgade, o.f. Planetariet",Vester Søgade 2,1601 København V,Toilet med handicapadgang,AFA toilet,Ja,Døgnåbent,Helårsåbent,IDrift,AFA JC Decaux,Indre By,723773.02732995,6175630.09980759,12.55897079,55.67480728,POINT (12.558970786632257 55.6748073082445)
toilet_puma_agg_tmf_kk.131,131,"Skydebanehaven, legeplads",Absalonsgade 12,1658 København V,Toilet med handicapadgang,"Bygning (park, strand, legeplads, kirkegård)",Ja,Natlukket,Helårsåbent,IDrift,TMF (Kontrakter),Vesterbro-Kgs.Enghave (udl.),723489.7394885,6175130.17873896,12.55406806,55.67045433,POINT (12.554068055878547 55.67045436262217)
toilet_puma_agg_tmf_kk.132,132,"Christianshavns Vold, Elefantens bastion",Christianshavns Voldgade 36B,1424 København K,Toilet med handicapadgang,"Bygning (park, strand, legeplads, kirkegård)",Ja,Natlukket,Helårsåbent,IDrift,Renhold City Middelalderbyen,Indre By,725919.47916322,6175206.96576138,12.59268569,55.67001925,POINT (12.592685686595512 55.67001928166818)
toilet_puma_agg_tmf_kk.133,133,"Enghaveparken, legeplads",Ejderstedgade 1,1761 København V,Toilet,"Bygning (park, strand, legeplads, kirkegård)",Nej,Natlukket,Helårsåbent,IDrift,Renhold City Middelalderbyen,Vesterbro-Kgs.Enghave (udl.),722726.67309496,6174808.79508894,12.5416987,55.66792248,POINT (12.541698698229162 55.66792251359272)
toilet_puma_agg_tmf_kk.134,134,"Ørstedsparken, legeplads",Nørre Farimagsgade 2,1364 København K,Toilet,"Bygning (park, strand, legeplads, kirkegård)",Nej,Natlukket,Helårsåbent,IDrift,Renhold City Middelalderbyen,Indre By,724095.49738793,6176280.8300688,12.56461965,55.68049439,POINT (12.564619654152894 55.680494424140676)
toilet_puma_agg_tmf_kk.135,135,"Fælledparken, Trafiklegepladsen",Gunnar Nu Hansens Plads 10,2100 København Ø,Toilet med handicapadgang,"Bygning (park, strand, legeplads, kirkegård)",Ja,Natlukket,Helårsåbent,IDrift,TMF (Kontrakter),Østerbro,724339.41011446,6179016.39277622,12.57072912,55.70491418,POINT (12.570729121262374 55.70491421604087)
toilet_puma_agg_tmf_kk.136,136,Rådhuspladsen 5-7,Rådhuspladsen 5,1550 København V,Toilet med personale og handicapadgang,"Bygning (park, strand, legeplads, kirkegård)",Ja,Natlukket,Helårsåbent,IDrift,Renhold City Middelalderbyen;TMF (Kontrakter),Indre By,724357.34809667,6175830.84219712,12.56840793,55.67633802,POINT (12.568407930020534 55.676338051816316)
toilet_puma_agg_tmf_kk.137,137,Nørreport station,Nørre Voldgade 15A,1358 København K,Toilet med personale og handicapadgang,"Bygning (park, strand, legeplads, kirkegård)",Ja,Døgnåbent;Natlukket,Helårsåbent,IDrift;TagetPermanentUdAfDrift,Renhold City Middelalderbyen;TMF (Kontrakter),Indre By,724501.24655821,6176586.4514191,12.57130978,55.68304781,POINT (12.57130978429616 55.68304783958569)
toilet_puma_agg_tmf_kk.138,138,"Valbyparken, ved restaurant",Hammelstrupvej 98,2450 København SV,Toilet,"Bygning (park, strand, legeplads, kirkegård)",Nej,Natlukket,Helårsåbent,IDrift,Renhold City Middelalderbyen,Valby,721525.02494551,6171839.93632196,12.52023842,55.64184567,POINT (12.520238416158765 55.64184570174057)
toilet_puma_agg_tmf_kk.139,139,"Islands Brygge, Havneparken",Islands Brygge 12,2300 København S,Toilet,"Bygning (park, strand, legeplads, kirkegård)",Nej,Natlukket,Vinterlukket,IDrift,Renhold City Middelalderbyen,Amager Vest,725034.14679432,6174979.34667558,12.57845101,55.66838884,POINT (12.578451013958514 55.668388869908846)
toilet_puma_agg_tmf_kk.140,140,"Lergravsparken, ved Metro",Østrigsgade 67,2300 København S,Toilet med handicapadgang,"Bygning (park, strand, legeplads, kirkegård)",Ja,Døgnåbent,Helårsåbent,IDrift,Renhold City Middelalderbyen,Amager Øst,727505.93068609,6174367.02087054,12.61716235,55.66174679,POINT (12.617162348112629 55.66174682332701)
toilet_puma_agg_tmf_kk.141,141,Englandsparken/Sundbyvesterparken,Englandsvej 59B,2300 København S,Toilet med handicapadgang,"Bygning (park, strand, legeplads, kirkegård)",Ja,Natlukket,Vinterlukket,IDrift,Renhold City Middelalderbyen,Amager Vest,726627.06515911,6173082.67719598,12.60216108,55.65063981,POINT (12.602161080112957 55.6506398382766)
toilet_puma_agg_tmf_kk.142,142,Vigerslevparken Syd,Engdals allé 20,2500 Valby,Toilet med handicapadgang,"Bygning (park, strand, legeplads, kirkegård)",Ja,Natlukket,Vinterlukket,IDrift,Renhold City Middelalderbyen;TMF (Kontrakter),Valby,718802.79885006,6173517.11519117,12.47840436,55.65812039,POINT (12.478404355352792 55.65812042681686)
toilet_puma_agg_tmf_kk.143,143,"Valbyparken, Rosenhaven",Hammelstrupvej 114,2450 København SV,Toilet med handicapadgang,"Bygning (park, strand, legeplads, kirkegård)",Ja,Døgnåbent;Natlukket,Vinterlukket,IDrift,Renhold City Middelalderbyen,Valby,721499.28670691,6171701.41652474,12.51971874,55.64061507,POINT (12.519718744197448 55.640615107424864)
toilet_puma_agg_tmf_kk.144,144,Vigerslevparken Nord,Engdraget 24,2500 Valby,Toilet med handicapadgang,"Bygning (park, strand, legeplads, kirkegård)",Ja,Natlukket,Vinterlukket,IDrift,Renhold City Middelalderbyen,Valby,718856.68327137,6174814.64619002,12.48029297,55.66973351,POINT (12.480292968103505 55.66973354336339)
toilet_puma_agg_tmf_kk.145,145,Rødegårdsparken,Rødegård 8A,2300 København S,Toilet,"Bygning (park, strand, legeplads, kirkegård)",Nej,Natlukket,Vinterlukket,IDrift,Renhold City Middelalderbyen;TMF (Kontrakter),Amager Øst,727129.907824,6174269.29616422,12.61111642,55.6610463,POINT (12.611116424201276 55.661046336601274)
toilet_puma_agg_tmf_kk.146,146,"Vestre Kirkegårds Allé, Hovedindgang",Vestre Kirkegårds Allé 15A,2450 København SV,Toilet,"Bygning (park, strand, legeplads, kirkegård)",Nej,Natlukket,Helårsåbent,IDrift,Renhold City Middelalderbyen,Vesterbro-Kgs.Enghave,722097.75159835,6174089.04196288,12.53113725,55.66175535,POINT (12.531137247867516 55.661755380455816)
toilet_puma_agg_tmf_kk.147,147,Bredegrund legeplads,Bredegrund 8,2300 København S,Toilet med handicapadgang,"Bygning (park, strand, legeplads, kirkegård)",Ja,Natlukket,Helårsåbent,IDrift,Renhold City Middelalderbyen,Amager Øst,727296.93369134,6174053.44388803,12.61358748,55.65903255,POINT (12.613587477025497 55.65903258614272)
toilet_puma_agg_tmf_kk.148,148,"Lergravsparken, Legeplads",Lergravsvej 16,2300 København S,Toilet,"Bygning (park, strand, legeplads, kirkegård)",Nej,Natlukket,Helårsåbent,IDrift,Renhold City Middelalderbyen,Amager Øst,727590.88363504,6174458.02930448,12.6185854,55.66252314,POINT (12.618585402562719 55.66252316971888)
toilet_puma_agg_tmf_kk.149,149,Legepladsen Elba i Filipsparken,Parmagade 45,2300 København S,Toilet,"Bygning (park, strand, legeplads, kirkegård)",Nej,Natlukket,Helårsåbent,IDrift,Renhold City Middelalderbyen,Amager Øst,727642.93083463,6173499.21612674,12.61861682,55.65390059,POINT (12.618616821807475 55.65390062134461)
toilet_puma_agg_tmf_kk.150,150,"Remiseparken, Byggeren",Peder Lykkes Vej 73,2300 København S,Toilet,"Bygning (park, strand, legeplads, kirkegård)",Nej,Natlukket,Helårsåbent,IDrift,Renhold City Middelalderbyen,Amager Vest,726303.24249747,6173293.71188296,12.59719912,55.65268313,POINT (12.59719912481194 55.652683166724195)
toilet_puma_agg_tmf_kk.151,151,Brønshøj Kirkevej / Brønshøj kirkegård,Brønshøj Kirkevej 8,2700 Brønshøj,Toilet med handicapadgang,"Bygning (park, strand, legeplads, kirkegård)",Ja,Natlukket,Helårsåbent,IDrift,TMF (Kontrakter),Brønshøj-Husum (udl.),719839.52342188,6178855.01071043,12.49912793,55.70552645,POINT (12.499127931780903 55.70552648291882)
toilet_puma_agg_tmf_kk.152,152,Bystævnet/Vestvolden,Kobbelvænget 15B,2700 Brønshøj,Toilet,"Bygning (park, strand, legeplads, kirkegård)",Nej,Natlukket,Vinterlukket,IDrift,TMF (Kontrakter),Brønshøj-Husum (udl.),718516.2312299,6180057.82528569,12.47906878,55.716912,POINT (12.479068782797416 55.71691203526069)
toilet_puma_agg_tmf_kk.153,153,Strandstation 5,Havkajakvej 14,2300 København S,Toilet med handicapadgang,"Bygning (park, strand, legeplads, kirkegård)",Ja,Døgnåbent;Natlukket,Helårsåbent,IDrift,Renhold City Middelalderbyen,Amager Øst,729476.75351226,6172986.2943748,12.64727322,55.64843899,POINT (12.647273224917408 55.64843902280977)
toilet_puma_agg_tmf_kk.154,154,Naturlegepladsen i Valbyparken,Hammelstrupvej  41,2450 København SV,Toilet,"Bygning (park, strand, legeplads, kirkegård)",Nej,Natlukket,Helårsåbent,IDrift,Renhold City Middelalderbyen,Valby,721479.05582766,6172154.79598426,12.519763,55.64469043,POINT (12.519762996079638 55.64469045839511)
toilet_puma_agg_tmf_kk.155,155,Strandstation 3,Amager Strand Promenaden 1,2300 København S,Toilet med handicapadgang,"Bygning (park, strand, legeplads, kirkegård)",Ja,Døgnåbent;Natlukket,Helårsåbent,IDrift,Renhold City Middelalderbyen,Amager Øst,729571.02339617,6173675.9637688,12.64934403,55.65457892,POINT (12.64934402741736 55.65457894927764)
toilet_puma_agg_tmf_kk.156,156,Strandstation 1,Øresundsstien 5,2300 København S,Toilet med handicapadgang,"Bygning (park, strand, legeplads, kirkegård)",Ja,Døgnåbent;Natlukket,Helårsåbent,IDrift,Renhold City Middelalderbyen,Amager Øst,728847.51676046,6174579.64577792,12.63862152,55.66302364,POINT (12.638621517683946 55.66302367070063)
toilet_puma_agg_tmf_kk.157,157,Strandstation 2,Kilometerbroen 3,2300 København S,Toilet med handicapadgang,"Bygning (park, strand, legeplads, kirkegård)",Ja,Døgnåbent;Natlukket,Helårsåbent,IDrift,Renhold City Middelalderbyen,Amager Øst,729145.73317979,6174071.75886632,12.64292879,55.65832876,POINT (12.6429287873675 55.65832879730117)
toilet_puma_agg_tmf_kk.158,158,Femøren,Amager Strandvej 275,2300 København S,Toilet med handicapadgang,"Bygning (park, strand, legeplads, kirkegård)",Ja,Døgnåbent,Helårsåbent,IDrift,Renhold City Middelalderbyen,Amager Øst,729282.760634,6172730.91255631,12.64398399,55.64624042,POINT (12.643983993565756 55.64624045020761)
toilet_puma_agg_tmf_kk.159,159,"Christianshavns Vold, Elefantens bastion",Christianshavns Voldgade 36A,1424 København K,Toilet,"Bygning (park, strand, legeplads, kirkegård)",Nej,Natlukket,Helårsåbent,IDrift,Renhold City Middelalderbyen,Indre By,725916.95451452,6175205.18917368,12.59264417,55.67000449,POINT (12.592644165248782 55.67000452354494)
toilet_puma_agg_tmf_kk.160,160,Bellahøjparken,Solkrogen 8,2700 Brønshøj,Toilet med handicapadgang,"Bygning (park, strand, legeplads, kirkegård)",Ja,Natlukket,Vinterlukket,IDrift;TagetPermanentUdAfDrift,TMF (Kontrakter),Brønshøj-Husum (udl.),720517.78708604,6178625.71101402,12.50971645,55.7031622,POINT (12.509716449071234 55.7031622331336)
toilet_puma_agg_tmf_kk.161,161,Brønshøjparken,Hyrdevangen 1,2700 Brønshøj,Toilet med handicapadgang,"Bygning (park, strand, legeplads, kirkegård)",Ja,Natlukket,Vinterlukket,IDrift,TMF (Kontrakter),Brønshøj-Husum (udl.),720530.79312949,6179089.98423351,12.51029671,55.70732013,POINT (12.51029670512518 55.70732016165658)
toilet_puma_agg_tmf_kk.162,162,"Damhusdæmningen, Engen",Damhusdæmningen 14,2720 Vanløse,Toilet,"Bygning (park, strand, legeplads, kirkegård)",Nej,Natlukket,Vinterlukket,IDrift,TMF (Kontrakter),Vanløse,718014.67515637,6176190.27723834,12.46802338,55.68245004,POINT (12.468023384638967 55.682450073658586)
toilet_puma_agg_tmf_kk.163,163,V. Kiosk,Damhusdæmningen 2A,2720 Vanløse,Toilet med handicapadgang,"Bygning (park, strand, legeplads, kirkegård)",Ja,Natlukket,Helårsåbent,IDrift,TMF (Kontrakter),Vanløse,718350.18634438,6176110.08387242,12.47328565,55.68158006,POINT (12.473285653646776 55.681580093027286)
toilet_puma_agg_tmf_kk.164,164,Hans Tavsens Park,Hans Tavsens Gade 20,2200 København N,Toilet med handicapadgang,"Bygning (park, strand, legeplads, kirkegård)",Ja,Døgnåbent;Natlukket,Vinterlukket,IDrift,TMF (Kontrakter),Nørrebro,723004.41624894,6177133.10185901,12.54799433,55.68863992,POINT (12.54799433465497 55.68863995632651)
toilet_puma_agg_tmf_kk.165,165,Lersøparken,Bispebjerg Bakke 12,2400 København NV,Toilet med handicapadgang,"Bygning (park, strand, legeplads, kirkegård)",Ja,Natlukket,Vinterlukket,IDrift,TMF (Kontrakter),Bispebjerg,722562.44215449,6179458.28810278,12.54286566,55.70969548,POINT (12.542865658937037 55.70969551593334)
toilet_puma_agg_tmf_kk.166,166,Ryvangens Naturpark,Rymarksvej 75B,2900 Hellerup,Toilet med handicapadgang,"Bygning (park, strand, legeplads, kirkegård)",Ja,Natlukket,Vinterlukket,IDrift,TMF (Kontrakter),Østerbro,723793.44623494,6180891.16121556,12.56359017,55.72197919,POINT (12.563590171807274 55.721979222730674)
toilet_puma_agg_tmf_kk.167,167,Rødkildeparken,Rødkildevej 15,2400 København NV,Toilet,"Bygning (park, strand, legeplads, kirkegård)",Nej,Natlukket,Vinterlukket,MidlertidigUdeAfDrift,TMF (Kontrakter),Vanløse,720640.51806628,6178241.56359089,12.51135642,55.69966119,POINT (12.511356419906084 55.69966121859213)
toilet_puma_agg_tmf_kk.168,168,Svanemølle Strandpark,Strandpromenaden 30,2100 København Ø,Toilet med handicapadgang,"Bygning (park, strand, legeplads, kirkegård)",Ja,Natlukket,Helårsåbent,IDrift,TMF (Kontrakter),Østerbro,725027.49674088,6180681.57346417,12.58302537,55.71952858,POINT (12.583025365974525 55.71952861628783)
toilet_puma_agg_tmf_kk.169,169,"Nørager Plads, legeplads",Nørager Plads 23,2720 Vanløse,Toilet,"Bygning (park, strand, legeplads, kirkegård)",Nej,Natlukket,Helårsåbent,IDrift,TMF (Kontrakter),Vanløse,718376.75134424,6177746.72825009,12.47501048,55.69624698,POINT (12.475010476678888 55.696247008598036)
toilet_puma_agg_tmf_kk.170,170,Bispebjerg Kirkegård,Frederiksborgvej 123,2400 København NV,Toilet,"Bygning (park, strand, legeplads, kirkegård)",Nej,Natlukket,Helårsåbent,IDrift,TMF (Kontrakter),Bispebjerg,721793.1507681,6179926.57448046,12.53102504,55.71424752,POINT (12.531025044167544 55.714247552060186)
toilet_puma_agg_tmf_kk.171,171,Brønshøj Torv,Krabbesholmvej 2,2700 Brønshøj,Toilet med handicapadgang,Danfo,Ja,Døgnåbent,Helårsåbent,IDrift,TMF (Kontrakter),Brønshøj-Husum (udl.),719828.39788431,6178705.38329272,12.49883117,55.70418954,POINT (12.498831172044486 55.70418957226198)
toilet_puma_agg_tmf_kk.172,172,Husum Torv,Husum Torv 2,2700 Brønshøj,Toilet med handicapadgang,Danfo,Ja,Døgnåbent,Helårsåbent,IDrift,TMF (Kontrakter),Brønshøj-Husum (udl.),718082.97637868,6179457.54522378,12.47170694,55.71172318,POINT (12.47170693586872 55.71172321063157)
toilet_puma_agg_tmf_kk.173,173,Bispeengen,Hillerødgade  23B,2200 København N,Toilet,"Bygning (park, strand, legeplads, kirkegård)",Nej,Natlukket,Helårsåbent,IDrift,TMF (Kontrakter),Nørrebro,722222.67644508,6177861.09253066,12.53617345,55.69552717,POINT (12.536173444985558 55.69552720531804)
toilet_puma_agg_tmf_kk.174,174,Husumparken,Nordrupvej  16,2700 Brønshøj,Toilet,"Bygning (park, strand, legeplads, kirkegård)",Nej,Natlukket,Helårsåbent,IDrift,TMF (Kontrakter),Brønshøj-Husum (udl.),718079.58126015,6178622.7534513,12.47098843,55.70423756,POINT (12.470988429467404 55.70423759258157)
toilet_puma_agg_tmf_kk.175,175,HTØ ved Blågårdsskolen,Hans Tavsens Gade 10,2200 København N,Toilet,"Bygning (park, strand, legeplads, kirkegård)",Nej,Natlukket,Helårsåbent,IkkeSatIDriftEndnu,TMF (Kontrakter),Nørrebro,723118.38321316,6177104.22011299,12.54978015,55.68832855,POINT (12.54978014944207 55.68832858244559)
toilet_puma_agg_tmf_kk.176,176,Kildevældsparken,Vognmandsmarken 69,2100 København Ø,Toilet,"Bygning (park, strand, legeplads, kirkegård)",Nej,Natlukket,Helårsåbent,IDrift,TMF (Kontrakter),Østerbro,723925.61320813,6180071.88770079,12.56502005,55.71457097,POINT (12.565020051471102 55.714571001815145)
toilet_puma_agg_tmf_kk.177,177,Ved østlige ende af bro,Langelinie 1,2100 København Ø,Toilet med handicapadgang,"Bygning (park, strand, legeplads, kirkegård)",Ja,Natlukket,Vinterlukket,IDrift,Renhold City Middelalderbyen,Indre By,725909.64014366,6177943.8356306,12.59478288,55.69456734,POINT (12.594782881906617 55.694567370239454)
toilet_puma_agg_tmf_kk.178,178,"Nørrebroparken, legeplads",Stefansgade  30,2200 København N,Toilet,"Bygning (park, strand, legeplads, kirkegård)",Nej,Natlukket,Helårsåbent,IDrift,TMF (Kontrakter),Nørrebro,722597.78988008,6177725.54835326,12.5420197,55.69413971,POINT (12.542019699183353 55.69413974233243)
toilet_puma_agg_tmf_kk.179,179,Legepladsen Wesselsgade,Wesselsgade 12,2200 København N,Toilet,"Bygning (park, strand, legeplads, kirkegård)",Nej,Natlukket,Helårsåbent,IDrift,TMF (Kontrakter),Nørrebro,723773.61303655,6176874.71963807,12.559995,55.68596884,POINT (12.559994997261823 55.68596887455942)
toilet_puma_agg_tmf_kk.180,180,Hulgårds Plads,Hulgårds Plads 4,2400 København NV,Toilet med handicapadgang,Københavner,Ja,Døgnåbent,Helårsåbent,IDrift,TMF (Kontrakter),Bispebjerg,721312.32221449,6178925.3108262,12.52257733,55.70548742,POINT (12.522577334747327 55.705487457218595)
toilet_puma_agg_tmf_kk.181,181,Sundbyøster Plads,Amagerbrogade 185,2300 København S,Toilet med handicapadgang,Danfo,Ja,Døgnåbent,Helårsåbent,IDrift,Renhold City Middelalderbyen,Amager Øst,727246.81991889,6173247.84866006,12.61212648,55.65183174,POINT (12.61212648212712 55.651831773505435)
toilet_puma_agg_tmf_kk.182,182,"Søstjernen/Søanemonestien, Hundestrandens toilet",Amager Strandvej 11,2300 København S,Toilet med handicapadgang,"Bygning (park, strand, legeplads, kirkegård)",Ja,Natlukket,Vinterlukket,IDrift,Renhold City Middelalderbyen,Amager Øst,728422.26271838,6174934.36036895,12.63217029,55.66640455,POINT (12.632170288348947 55.66640458537435)
toilet_puma_agg_tmf_kk.183,183,Ved Italiensvej,Amager Strandvej 125,2300 København S,Toilet med handicapadgang,Standardtoilet Zenzo,Ja,Døgnåbent,Helårsåbent,IDrift,Renhold City Middelalderbyen,Amager Øst,728750.17324046,6173972.93122488,12.63657218,55.65762885,POINT (12.636572179323792 55.657628883792654)
